sample_id,dataset_index,audio_duration_seconds,ground_truth,transcription,normalized_reference,normalized_hypothesis,wer,substitutions,deletions,insertions,reference_words,ttfb_seconds
a020da8a-0e80-3e7e-b386-89e12341af75,50,3.553875,The well water is sputtering from the faucet,The well water is spattering from the faucet The well water is spattering from the faucet I'm sorry,the well water is sputtering from the faucet,the well water is spattering from the faucet the well water is spattering from the faucet i am sorry,1.625,1,0,12,8,0.3567769527435303
0c5e8fd6-3c3e-c97e-74c9-a90743d923e8,55,16.0,Can you describe the process for chan geans my legal name on official documents like my driver licenses and social security card after getting married including necessary forms and office,"Kendrick Just First. Great process for Or Chen Jeans My The legal name on official documents Like my driver's licenses and social security Like my driver's licenses and social security You take car up After getting married, including necessary I'm gonna go ahead and say that I'm gonna go ahead and say that I'm gonna go ahead and say that Form Sanofi's",can you describe the process for chan geans my legal name on official documents like my driver licenses and social security card after getting married including necessary forms and office,kendrick just first great process for or chen jeans my the legal name on official documents like my drivers licenses and social security like my drivers licenses and social security you take car up after getting married including necessary i am going to go ahead and say that i am going to go ahead and say that i am going to go ahead and say that form sanofis,1.5517241379310345,9,1,35,29,0.3082287311553955
32705937-195d-2eb0-fe22-856dc8558b23,90,14.977875,"So the thing is that when I logged into my account yesterday, I noticed my user profile picture had been changed to a cartoon cat, which I didn't","There is no sound. There is no sound. There is no sound. There is no sound. There is no sound. There is no sound What's the thing? thing is That when I logged into my account yesterday, I'd noticed my user That when I logged into my account yesterday, I'd noticed my user Her profile picture had been changed to a cartoon cat. which I do It's It's cent The",so the thing is that when i logged into my account yesterday i noticed my user profile picture had been changed to a cartoon cat which i did not,there is no sound there is no sound there is no sound there is no sound there is no sound there is no sound what is the thing thing is that when i logged into my account yesterday i had noticed my user that when i logged into my account yesterday i had noticed my user her profile picture had been changed to a cartoon cat which i do it is it is cent the,1.5172413793103448,1,2,41,29,0.25496888160705566
7f066b80-3a59-0bed-6465-f85935582dc5,70,10.960625,I'm trying to set up parental controls on my home Wi-Fi network to restrict access to certain websites during homework hours for my kids. But the router interface is very,"I'm trying I set up I'm in I'm in Control for my home Bye-bye I'm at district access to Certain websites during home No Yes I'm excited It's What about Oh, uh- Yes. I'm doing Yes. This is three",i am trying to set up parental controls on my home wi fi network to restrict access to certain websites during homework hours for my kids but the router interface is very,i am trying i set up i am in i am in control for my home bye bye i am at district access to certain websites during home no yes i am excited it is what about oh uh yes i am doing yes this is three,1.206896551724138,19,1,15,29,0.3960111141204834
b3882761-3cab-d5b2-30e0-5588aa172d90,14,10.4596875,Can you tell me about the scientific theory of plate tectonics and explain how the movement of those plates is directly responsible for earthquakes,"You It's You're My About the scientific Theory of Please Please They take Tonics and explain how the movement of those Tonics and explain how the movement of those It's, it's directly What's your well for? I Wakes",can you tell me about the scientific theory of plate tectonics and explain how the movement of those plates is directly responsible for earthquakes,you it is you are my about the scientific theory of please please they take tonics and explain how the movement of those tonics and explain how the movement of those it is it is directly what is your well for i wakes,1.1666666666666667,7,0,21,24,0.42911720275878906
9ee9d60f-f794-36f2-cc7b-53bfb396ef1d,19,15.865625,"I need to find a comprehensive guide on how to properly care for a bonsai tree indoors, specifically focusing on watering techniques, soil composition, and seasonal pruning for a ficus species.",I need to The compliance good On how to アプリケーション One thing tree indoors spec It's I feel Of course It's It's On the watering techniques sorry Oil I'm posting And Just This is That Please I lean for Eighth Fick Yes This is,i need to find a comprehensive guide on how to properly care for a bonsai tree indoors specifically focusing on watering techniques soil composition and seasonal pruning for a ficus species,i need to the compliance good on how to application one thing tree indoors spec its i feel of course its its on the watering techniques sorry oil i am posting and just this is that please i lean for eighth fick yes this is,1.15625,12,5,20,32,0.3081221580505371
052ba5bd-48a3-2c25-883d-e2f25a953d7e,94,4.189375,Can you clear my schedule for the morning of the fifth,Can you clear my schedule for the morning of the fifth? Can you clear my schedule for the morning of the fifth? So,can you clear my schedule for the morning of the fifth,can you clear my schedule for the morning of the fifth can you clear my schedule for the morning of the fifth so,1.0909090909090908,0,0,12,11,0.23809504508972168
dfd167bb-59c2-9b9d-4c2a-e9a61c3e714e,71,12.9645,I would like to change my primary care physician and I'm looking for a new doctor within my insurance network who is accepting new patients and has office hours on Saturdays. So maybe,I would like to change my primary care physician. I would like to change my primary care physician. mission There is no And I'm looking for a new doctor within my insurance network. There is no sound Who is accepting new patients and has office hours? on Saturdays. I'm gonna go ahead and say that. I'm gonna go ahead and say that. So maybe.,i would like to change my primary care physician and i am looking for a new doctor within my insurance network who is accepting new patients and has office hours on saturdays so maybe,i would like to change my primary care physician i would like to change my primary care physician mission there is no and i am looking for a new doctor within my insurance network there is no sound who is accepting new patients and has office hours on saturdays i am going to go ahead and say that i am going to go ahead and say that so maybe,1.03125,0,0,33,32,0.2739419937133789
930905b6-467c-3098-c100-7d08467961ea,31,12.6085,Can you provide a detailed step-by-step process for filing a homeowner's insurance claim for water damage caused by a recently burst plumbing pipe?,"Can you Can you I need I understand First, they process for filling a whole On, on Insurance Fame For sure What The damage Cause I recently purchased That's fine Thank you Right.",can you provide a detailed step by step process for filing a homeowners insurance claim for water damage caused by a recently burst plumbing pipe,can you can you i need i understand first they process for filling a whole on on insurance fame for sure what the damage cause i recently purchased that is fine thank you right,1.0,11,4,10,25,0.23054790496826172
6044817a-551d-1807-5640-cfc546485173,72,3.194,she would touch on but anyway this mom is getting sued for like,"She would touch on, but anyway, this mom is getting sued for She would touch on, but anyway, this mom is getting sued for like",she would touch on but anyway this mom is getting sued for like,she would touch on but anyway this mom is getting sued for she would touch on but anyway this mom is getting sued for like,1.0,0,0,13,13,0.38234400749206543
e820357c-d0b5-11dd-6085-7c8a73e9d335,4,10.5619375,I was wondering if you could help me find the nearest public library that has evening hours on Thursday because I work lake and,"I want Yes Wonder If you We'll have Help me find The new There is public library Sorry That has It's It's If you're Many hours Of course, I'll do it On Thursday. Because Yes I Fourth Lane Take Um.",i was wondering if you could help me find the nearest public library that has evening hours on thursday because i work lake and,i want yes wonder if you we will have help me find the new there is public library that has it is it is if you are many hours i will do it on thursday because yes i fourth lane take,0.9583333333333334,7,0,16,24,0.2930021286010742
60590679-1bb1-0cd7-32a9-c3f21c7b5d05,34,12.98025,"Please explain the difference between a traditional IRA and a Roth IRA in terms of their tax advantages, contribution limits, and the rules governing withdrawals during retirement for each account type.","Please explain the difference between the two International IRA and the Roths IRA in terms of their Please explain the difference between the two International IRA and the Roths IRA in terms of their Yes, that Monteys Contribution limit And the rules governing withdrawals during retirement for each account And the rules governing withdrawals during retirement for each account Phone's type",please explain the difference between a traditional ira and a roth ira in terms of their tax advantages contribution limits and the rules governing withdrawals during retirement for each account type,please explain the difference between the two international ira and the roths ira in terms of their please explain the difference between the two international ira and the roths ira in terms of their yes that monteys contribution limit and the rules governing withdrawals during retirement for each account and the rules governing withdrawals during retirement for each account phones type,0.9393939393939394,3,0,28,33,0.3887460231781006
356d3518-21f9-a281-9ed9-fa950f81d8fc,22,3.226,a private league and then they played for their high school,"Uh, private league, and then they played for their high school Uh, private league, and then they played for their high school Well.",a private league and then they played for their high school,private league and then they played for their high school private league and then they played for their high school,0.9090909090909091,0,0,10,11,0.24906516075134277
f1069e64-44c8-9fd5-d54e-f03567582f63,10,4.224,We might need to prepare for the possibility that,We might need to prepare for the possibility We might need to prepare for the possibility That,we might need to prepare for the possibility that,we might need to prepare for the possibility we might need to prepare for the possibility that,0.8888888888888888,0,0,8,9,0.3226430416107178
89975396-e899-57de-9534-d71d04867968,12,8.315375,Please add organic olive oil whole wheat bread and three ripe avocados to my shopping list,Please That That L- Organic olive oil all What? For whole wheat bread and three ripe avocados For whole wheat bread and three ripe avocados to my shopping list.,please add organic olive oil whole wheat bread and three ripe avocados to my shopping list,please that that l organic olive oil all what for whole wheat bread and three ripe avocados for whole wheat bread and three ripe avocados to my shopping list,0.8823529411764706,0,1,14,17,0.2647361755371094
fbe7161c-ac49-4909-1608-3a32179341f3,25,7.507125,Find a nearby gas station that is open right now and has diesel fuel,I find a There are I think As a station that is open right now unhas This is fuel,find a nearby gas station that is open right now and has diesel fuel,i find a there are i think as a station that is open right now unhas this is fuel,0.8571428571428571,6,1,5,14,0.31400394439697266
bdbbe0e2-ba12-e935-1215-8f805cfa4ee1,98,14.90175,"I'm trying to set up parental controls on my child's new tablet but the interface is really confusing and I can't figure out so how to restrict access to specific applications and websites""",I'm trying to set up Payantak Controls on my child's new tablet. There is no sound. But The interface is really confusing and I can't figure out The interface is really confusing and I can't figure out The There is no sound So How to restrict access to specific applications? How to restrict access to specific applications? and websites,i am trying to set up parental controls on my child's new tablet but the interface is really confusing and i can not figure out so how to restrict access to specific applications and websites,i am trying to set up payantak controls on my child's new tablet there is no sound but the interface is really confusing and i can not figure out the interface is really confusing and i can not figure out the there is no sound so how to restrict access to specific applications how to restrict access to specific applications and websites,0.8181818181818182,1,0,26,33,0.2822248935699463
60cda6b7-778b-7520-118c-19f025fe0e4f,77,11.632,My office number is 7 1 4 5 5 5 6 7 8 9,I My office number is 7 1 4 5 5 5 7 1 4 5 5 5 Yes. 6 7 8 9.,my office number is 7 1 4 5 5 5 6 7 8 9,i my office number is 7 1 4 5 5 5 7 1 4 5 5 5 yes 6 7 8 9,0.8,0,0,8,10,0.23167800903320312
06c41bf6-3d0e-be8a-37da-e8e76c13a25c,99,4.24175,How do I approach the topic of finances with my,How do I approach the topic of finances? How do I approach the topic of finances? With my,how do i approach the topic of finances with my,how do i approach the topic of finances how do i approach the topic of finances with my,0.8,0,0,8,10,0.445828914642334
152f8aa9-5d91-31c0-60ca-0d6c68261e13,26,10.298875,I'm interested in learning how to play the ukulele and I was wondering if you could recommend some beginner-friendly tutorials or online courses that I could,"I'm interested in learning how to play the ukulele Ukulele, and I was wondering if you could recommend some I'm interested in learning how to play the ukulele Ukulele, and I was wondering if you could recommend some Beginner friendly tutorials or online courses Horses that I could",i am interested in learning how to play the ukulele and i was wondering if you could recommend some beginner friendly tutorials or online courses that i could,i am interested in learning how to play the ukulele ukulele and i was wondering if you could recommend some i am interested in learning how to play the ukulele ukulele and i was wondering if you could recommend some beginner friendly tutorials or online courses horses that i could,0.7857142857142857,1,0,21,28,0.3858330249786377
e02b3cc7-0a8d-83d6-85a4-1f3240b18e47,2,12.8376875,Please provide a detailed comparison of the pros and cons of solar panel installation for a home including initial cost long-term savings maintenance and potential environmental benefits,"Please provide Yeah, detailed comparison of the pros and cons of solar power panel installation for a home, including initial cost Yeah, detailed comparison of the pros and cons of solar power panel installation for a home, including initial cost cost long term savings Maintenance and potential environmental benefits.",please provide a detailed comparison of the pros and cons of solar panel installation for a home including initial cost long term savings maintenance and potential environmental benefits,please provide yeah detailed comparison of the pros and cons of solar power panel installation for a home including initial cost yeah detailed comparison of the pros and cons of solar power panel installation for a home including initial cost cost long term savings maintenance and potential environmental benefits,0.7407407407407407,0,0,20,27,0.2985799312591553
c2cbcd7e-2ffa-3b46-f088-204d8898e2c5,11,10.26975,I need to find a replacement water filter for my specific refrigerator model but I can't find the model number anywhere on the unit and I was hoping you could help me identify,"I need to find a replacement water filter It's It's Sure. My specific It's a Hey, bro refrigerator model, but I can't find the model number anywhere on the unit. refrigerator model, but I can't find the model number anywhere on the unit. And I was I'm hoping you could help me out Identify it",i need to find a replacement water filter for my specific refrigerator model but i can not find the model number anywhere on the unit and i was hoping you could help me identify,i need to find a replacement water filter it is it is sure my specific it is a hey bro refrigerator model but i can not find the model number anywhere on the unit refrigerator model but i can not find the model number anywhere on the unit and i was i am hoping you could help me out identify it,0.7352941176470589,0,0,25,34,0.3342630863189697
d1756da4-a19b-ed98-915b-ddefe9eb6ab0,8,8.842375,I'm planning a trip to the National Park next month and I need to find out if I have to reserve a time slot to enter the park or if I can,I'm planning a trip to the national park next I'm planning a trip to the national park next month And I need to find out if I have to reserve a time slot to And I need to find out if I have to reserve a time slot to Enter the park. Or if I can.,i am planning a trip to the national park next month and i need to find out if i have to reserve a time slot to enter the park or if i can,i am planning a trip to the national park next i am planning a trip to the national park next month and i need to find out if i have to reserve a time slot to and i need to find out if i have to reserve a time slot to enter the park or if i can,0.7272727272727273,0,0,24,33,0.38812804222106934
ea91b37f-c2c8-ed28-1176-a3075410d132,74,10.9106875,"My laptop's fan has been running constantly at maximum speed for the past hour even when I only have a single web browser tab open, making it extremely noisy.",My lab tops Yes. Fan has been And running One more Constantly At Max Excellent feed for the past hour even when I only have a single web browser feed for the past hour even when I only have a single web browser Browser tab open. making it extremely noisy.,my laptops fan has been running constantly at maximum speed for the past hour even when i only have a single web browser tab open making it extremely noisy,my lab tops yes fan has been and running one more constantly at max excellent feed for the past hour even when i only have a single web browser feed for the past hour even when i only have a single web browser browser tab open making it extremely noisy,0.7241379310344828,2,0,19,29,0.39617490768432617
937c1bf8-4857-71dc-c05f-dfe0a21b65ca,27,7.008,"The salesperson told me this would be compatible with my existing setup, but it doesn't seem to","The Salesperson Tell me this will be compatible with my existing setup, but it doesn't Tell me this will be compatible with my existing setup, but it doesn't It doesn't seem to",the salesperson told me this would be compatible with my existing setup but it does not seem to,the salesperson tell me this will be compatible with my existing setup but it does not tell me this will be compatible with my existing setup but it does not it does not seem to,0.7222222222222222,0,0,13,18,0.4185218811035156
9eba9131-2cf8-873d-9dc3-207ad8276555,16,14.0976875,I have an important job interview for tomorrow for a project manager position and I'd like you to help me prepare by asking me some common behavioral questions related to leadership and conflict resolution,"I have an Important chapter of the Vipra Tantra Tomorrow. For a project manager position, and I'd like you to help me For a project manager position, and I'd like you to help me Prepare. They're asking me some common behavioral questions Related to leadership I'm And conflict resolution.",i have an important job interview for tomorrow for a project manager position and i would like you to help me prepare by asking me some common behavioral questions related to leadership and conflict resolution,i have an important chapter of the vipra tantra tomorrow for a project manager position and i would like you to help me for a project manager position and i would like you to help me prepare they are asking me some common behavioral questions related to leadership i am and conflict resolution,0.6666666666666666,4,0,18,33,0.29091596603393555
da66feba-9052-77a3-3334-8cc99533b59a,41,4.34375,Could you check reading R dash seven eight nine,Could you check reading R dash? Could you check reading R dash? 7 8 9.,could you check reading r dash seven eight nine,could you check reading r dash could you check reading r dash seven eight nine,0.6666666666666666,0,0,6,9,0.3844728469848633
4484a2a0-a854-cd3f-74ef-75c7231b39b8,24,12.8733125,"I'm trying to understand the billing cycle for my new internet service, specifically whether I'm billed for the month ahead or for the month that has just passed. So","I'm trying to understand the building cycle I'm trying to understand the building cycle for my new internet service Specifically, whether I'm built for the month ahead Specifically, whether I'm built for the month ahead or For the month that has just passed Pass So",i am trying to understand the billing cycle for my new internet service specifically whether i am billed for the month ahead or for the month that has just passed so,i am trying to understand the building cycle i am trying to understand the building cycle for my new internet service specifically whether i am built for the month ahead specifically whether i am built for the month ahead or for the month that has just passed pass so,0.6551724137931034,2,0,17,29,0.6673281192779541
9c6b0b65-af07-75c7-e6de-757bd7dbf775,28,11.8279375,My friend and I are having a debate about whether a tomato is a fruit or a vegetable and I'd like to find a definitive botanical explanation to settle the,My Aaron and I are having a debate about whether it matters These are fruits or vegetables Cable And I'd like to Find a definitive botanical explanation to set to Find a definitive botanical explanation to set to See,my friend and i are having a debate about whether a tomato is a fruit or a vegetable and i would like to find a definitive botanical explanation to settle the,my aaron and i are having a debate about whether it matters these are fruits or vegetables cable and i would like to find a definitive botanical explanation to set to find a definitive botanical explanation to set to see,0.6206896551724138,7,1,10,29,0.3094940185546875
759e278d-2d5f-dd75-9738-ec0555bbcfb1,52,13.6645,The garbage collection for our street was missed this week and all the neighbors still have their bins out on the curb so we were all trying to figure out if,"I'm good garbage collection for our street was missed this week We and all the neighbors It's Still have their bins out on the curb, so we were all trying Still have their bins out on the curb, so we were all trying figure out if",the garbage collection for our street was missed this week and all the neighbors still have their bins out on the curb so we were all trying to figure out if,i am good garbage collection for our street was missed this week we and all the neighbors it is still have their bins out on the curb so we were all trying still have their bins out on the curb so we were all trying figure out if,0.6129032258064516,2,0,17,31,0.4430668354034424
47ab8b1c-9dc9-88b1-153e-f33553a906ec,48,10.4061875,I was wondering if you could look up my account and see if the last transaction from the corner grocery store has posted because it's not showing,I was Wondering if If you You could look up my account and see if the last transaction You could look up my account and see if the last transaction from the Owner grocery store The store has posted Because it's not showing,i was wondering if you could look up my account and see if the last transaction from the corner grocery store has posted because it is not showing,i was wondering if if you you could look up my account and see if the last transaction you could look up my account and see if the last transaction from the owner grocery store the store has posted because it is not showing,0.6071428571428571,1,0,16,28,0.30915188789367676
209eda2a-35fa-868a-1ac6-d74fa208bbcf,92,5.848125,My sister called me about the birthday party and,My sister called me up My sister called me up About the birthday party And,my sister called me about the birthday party and,my sister called me up my sister called me up about the birthday party and,0.5555555555555556,0,0,5,9,0.33187270164489746
03fdf223-366c-280d-ac70-3be5555afb6a,7,11.9815,Could you compare the main features and pricing plans of the top three cloud storage providers to help me decide which service best suits my personal data backup needs,Could you compare the main features and pricing? Could you compare the main features and pricing? planning Of the top three There is no sound There is no sound Clouds Storage providers to help me decide which storage service It's My personal data backup needs.,could you compare the main features and pricing plans of the top three cloud storage providers to help me decide which service best suits my personal data backup needs,could you compare the main features and pricing could you compare the main features and pricing planning of the top three there is no sound there is no sound clouds storage providers to help me decide which storage service its my personal data backup needs,0.5517241379310345,2,1,13,29,0.2242140769958496
9e911f0d-f574-2970-3da1-7560a381d08f,62,14.623375,I believe my property tax assessment for this year is incorrect as it's significantly higher than all of my neighbors' assessments for similarly sized homes so I was wondering about,I believe my proper I'm doing tax assessment For this year is incorrect Correct. As it's significantly higher than all of my As it's significantly higher than all of my My neighbor's assessments For similarly sized homes So I was wondering out,i believe my property tax assessment for this year is incorrect as it is significantly higher than all of my neighbors assessments for similarly sized homes so i was wondering about,i believe my proper i am doing tax assessment for this year is incorrect correct as it is significantly higher than all of my as it is significantly higher than all of my my neighbors assessments for similarly sized homes so i was wondering out,0.5517241379310345,1,0,15,29,0.37029480934143066
58fac144-68f5-2aec-75f2-39337afa1447,42,14.3614375,Can you help me troubleshoot my smart home thermostat which was disconnected from the Wi-Fi network and is no longer responding to any commands from its mobile application or voice controls?,Can you? You help Shall we Also shoot my smart home thermostat which was disconnected. Also shoot my smart home thermostat which was disconnected. There is no sound. from The WiFi network and is no longer responsive Bonding any commands From its Mobile application or Voice controls,can you help me troubleshoot my smart home thermostat which was disconnected from the wi fi network and is no longer responding to any commands from its mobile application or voice controls,can you you help shall we also shoot my smart home thermostat which was disconnected also shoot my smart home thermostat which was disconnected there is no sound from the wi fi network and is no longer responsive bonding any commands from its mobile application or voice controls,0.5483870967741935,2,0,15,31,0.24942994117736816
ddcfaf85-f15a-1908-3660-c43260ecc5aa,63,10.443875,Can you tell me how to clear the cake and cookies on my web browser and also explain what the potential benefits of doing this regularly for my computer's performance are,Can you tell? Tell me how to clear the cache And cookies on my web browser I'm also Same for the potential benefits of doing this regularly for my computer for the potential benefits of doing this regularly for my computer Performance are,can you tell me how to clear the cake and cookies on my web browser and also explain what the potential benefits of doing this regularly for my computers performance are,can you tell tell me how to clear the cache and cookies on my web browser i am also same for the potential benefits of doing this regularly for my computer for the potential benefits of doing this regularly for my computers performance are,0.5483870967741935,5,0,12,31,0.3330252170562744
00491bfc-a029-ee29-4523-f34805aadffa,29,13.3005625,"I'm trying to choose a new internet service provider for my apartment. Can you compare the available plans in my area based on download speed, monthly cost, data caps, and customer reviews?","I'm trying to choose a new internet service I'm trying to choose a new internet service ""for better for my apartment"". Can you compare the I have several plants in my area based on download speed I'm sorry Monthly cost Data caps. And customer reviews?",i am trying to choose a new internet service provider for my apartment can you compare the available plans in my area based on download speed monthly cost data caps and customer reviews,i am trying to choose a new internet service i am trying to choose a new internet service for better for my apartment can you compare the i have several plants in my area based on download speed i am sorry monthly cost data caps and customer reviews,0.5454545454545454,1,1,16,33,0.24676299095153809
b980f45a-7289-f63f-0923-2fe102deb8c2,6,7.350375,"The little green light on my laptop charger isn't on anymore, so",. The little green light on the The little green light on the My laptop Top Charger isn't on anymore. So,the little green light on my laptop charger is not on anymore so,the little green light on the the little green light on the my laptop top charger is not on anymore so,0.5384615384615384,0,0,7,13,0.27586889266967773
b54462d5-7706-c236-2e93-aa16724e2e42,67,10.368625,I need to file an insurance claim for a minor fender bender that happened yesterday afternoon but I'm not sure which specific form I need to fill out on your,I need We need to file an insurance claim for a minor fender bender that happened We need to file an insurance claim for a minor fender bender that happened Happened yesterday afternoon. But I'm not sure which specific form I need to fill out on your,i need to file an insurance claim for a minor fender bender that happened yesterday afternoon but i am not sure which specific form i need to fill out on your,i need we need to file an insurance claim for a minor fender bender that happened we need to file an insurance claim for a minor fender bender that happened happened yesterday afternoon but i am not sure which specific form i need to fill out on your,0.5161290322580645,0,0,16,31,0.3039538860321045
381eb51f-21fb-8b09-ef66-a8937b11d74d,38,9.970125,"I need to find the best route to the airport for a 7:00 a.m. flight tomorrow, avoiding the main highway because I heard there's major construction happening there","I need to find the best route to the airport for, a 7 AM flight tomorrow. Avoiding the main highway because I heard there's major construction Avoiding the main highway because I heard there's major construction Construction happening there",i need to find the best route to the airport for a 7 am flight tomorrow avoiding the main highway because i heard there is major construction happening there,i need to find the best route to the airport for a 7 am flight tomorrow avoiding the main highway because i heard there is major construction avoiding the main highway because i heard there is major construction construction happening there,0.5,0,0,14,28,0.30002522468566895
cf7edb90-0103-9853-b160-b81f7fc90fc0,32,13.610875,What is the process for obtaining a certified copy of a birth certificate from another state including which government office to contact and what information I will need to provide them?,What is the process We're obtaining a certified copy You have a birth certificate from another state Including which government office Contact And what information I will need to provide them? And what information I will need to provide them? M,what is the process for obtaining a certified copy of a birth certificate from another state including which government office to contact and what information i will need to provide them,what is the process we are obtaining a certified copy you have a birth certificate from another state including which government office contact and what information i will need to provide them and what information i will need to provide them m,0.4838709677419355,1,2,12,31,0.34048986434936523
ea7cd5dd-7c2d-8e30-9bb4-348f4a199080,61,11.5433125,I would like a recipe for a vegan lentil soup that is both hearty and easy to make on a weeknight preferably one that uses only common inexpensive pantry staple,"I Hello. Like a recipe for a vegan London soup that is both hearty Like a recipe for a vegan London soup that is both hearty And easy to make on a weekday preferably One that uses only common ""Inexpensive pantry staples.",i would like a recipe for a vegan lentil soup that is both hearty and easy to make on a weeknight preferably one that uses only common inexpensive pantry staple,i hello like a recipe for a vegan london soup that is both hearty like a recipe for a vegan london soup that is both hearty and easy to make on a weekday preferably one that uses only common inexpensive pantry staples,0.4838709677419355,1,0,14,31,0.2097461223602295
4b4d7013-00b1-742e-299a-1b22dab617ee,36,9.7248125,There is a large pothole in my street that is a major traffic hazard and I would like to report its location to the city's public works department,There is a large But ho- In my street That is a major Traffic hazard And I would like to report its location to the city's public And I would like to report its location to the city's public Works department.,there is a large pothole in my street that is a major traffic hazard and i would like to report its location to the citys public works department,there is a large but ho in my street that is a major traffic hazard and i would like to report its location to the citys public and i would like to report its location to the citys public works department,0.4827586206896552,1,0,13,29,0.31534314155578613
b134b8e1-b79b-0b14-e56c-95592bdb0361,88,10.8918125,Can you give me a simple easy to follow recipe for making homemade sourdough bread from scratch including instructions on how to create and maintain the necessary starter culture for the dough,"Can you give me a Simple, easy to follow recipe. For making homemade sourdough bread from scratch. In Including instructions on how to create and maintain the necessary startup Including instructions on how to create and maintain the necessary startup Better culture for the No.",can you give me a simple easy to follow recipe for making homemade sourdough bread from scratch including instructions on how to create and maintain the necessary starter culture for the dough,can you give me a simple easy to follow recipe for making homemade sourdough bread from scratch in including instructions on how to create and maintain the necessary startup including instructions on how to create and maintain the necessary startup better culture for the no,0.47058823529411764,3,0,13,34,0.41570305824279785
84ec1ac6-fe87-1b5d-63f1-c3ddf79fe444,18,11.950125,I believe there was an error in my last paycheck because the amount for overtime hours seems to be incorrect when I calculate it based on the hours I was submitted and,I believe there was an error in my last I'm sorry. I'm sorry. Paycheck because the month For overtime hours seem to be incorrect When I calculate it based on hours I was submitted There is no sound There is no sound And,i believe there was an error in my last paycheck because the amount for overtime hours seems to be incorrect when i calculate it based on the hours i was submitted and,i believe there was an error in my last i am sorry i am sorry paycheck because the month for overtime hours seem to be incorrect when i calculate it based on hours i was submitted there is no sound there is no sound and,0.46875,1,0,14,32,0.6504757404327393
2be830d1-be85-9f11-0d40-8fda864601b7,68,13.9956875,I am planning a cross road trip and need help creating a logical route that minimizes driving time while also including stops at three major national parks along the way,I am planning a cost country road trip. And need Help create an logical route that minimizes driving Help create an logical route that minimizes driving Time will all Also including stops At three three major national parks along the way,i am planning a cross road trip and need help creating a logical route that minimizes driving time while also including stops at three major national parks along the way,i am planning a cost country road trip and need help create an logical route that minimizes driving help create an logical route that minimizes driving time will all also including stops at three three major national parks along the way,0.4482758620689655,2,0,11,29,0.3348538875579834
a934808b-1458-4655-5c9c-26655716a079,66,13.180125,The expensive package I ordered was marked as delivered two days ago but I have not received it and it is not anywhere on my property I must initiate an immediate trace,"Yes, my I'm back again Jai ho It was marked as delivered two days ago, but I have I received it And it is not any way on my property, I must init Thank you. Immediate trees",the expensive package i ordered was marked as delivered two days ago but i have not received it and it is not anywhere on my property i must initiate an immediate trace,yes my i am back again jai ho it was marked as delivered two days ago but i have i received it and it is not any way on my property i must init thank you immediate trees,0.4375,4,2,8,32,0.24791789054870605
c8d3ce08-5144-73cb-763e-3b101d35e44a,78,11.635625,A pop-up window appeared on my computer screen claiming that my system was infected with multiple viruses and that I needed to call a specific phone number immediately for technical support.,A pop up window appeared on my computer screen. A pop up window appeared on my computer screen. In claiming that my system was infected with malware virus And that I needed to call a Pacific phone number immediately for technical support. court,a pop up window appeared on my computer screen claiming that my system was infected with multiple viruses and that i needed to call a specific phone number immediately for technical support,a pop up window appeared on my computer screen a pop up window appeared on my computer screen in claiming that my system was infected with malware virus and that i needed to call a pacific phone number immediately for technical support court,0.41379310344827586,2,0,10,29,0.24240922927856445
4b7a080d-1731-4a93-e876-2f7c242877b8,54,11.7895,I need to get a copy of my daughter's birth certificate for a school registration but I'm not sure which government office I need to contact or what documents are,I need to get a copy of my doctor's I need to get a copy of my doctor's Our certificate For school resi- Registration But I'm not sure Which government office I need to contact? Or what documents are,i need to get a copy of my daughters birth certificate for a school registration but i am not sure which government office i need to contact or what documents are,i need to get a copy of my doctors i need to get a copy of my doctors our certificate for school registration but i am not sure which government office i need to contact or what documents are,0.39285714285714285,1,1,9,28,0.32375311851501465
0bd493e0-8299-eb3d-4cf0-205059107f16,73,12.2889375,I'm trying to find a good recipe for a vegan chili that I can make in a slow cooker but all the ones I'm finding have very long,"I'm trying to I A good recipe for vegan chili that I came in A slow cook So I'm But Oh The The Once I'm fighting, have very long prides Bed",i am trying to find a good recipe for a vegan chili that i can make in a slow cooker but all the ones i am finding have very long,i am trying to i a good recipe for vegan chili that i came in a slow cook so i am but oh the the once i am fighting have very long prides bed,0.39285714285714285,4,1,6,28,0.596182107925415
bcdf094b-6bc3-e5eb-e041-01a8de913e32,9,10.74225,I'm trying to dispute a transaction from last month but the online form keeps giving me an error message right after I upload the supporting documents for the claim and,I'm trying to dispute a transaction from last I'm trying to dispute a transaction from last Last month But the online form keeps giving me an error message right after I upload the submission Recording documents for the Claim and,i am trying to dispute a transaction from last month but the online form keeps giving me an error message right after i upload the supporting documents for the claim and,i am trying to dispute a transaction from last i am trying to dispute a transaction from last last month but the online form keeps giving me an error message right after i upload the submission recording documents for the claim and,0.3793103448275862,1,0,10,29,0.3352072238922119
3081b275-4fa3-f9d4-0ca3-55f598a37fca,82,12.193,"Can you give me the step-by-step instructions for making a classic sourdough starter from scratch? I have the flour and water, but I'm unsure about the feeding schedule and",Can you give me Maybe the step by step instructions for making a classic sourdough? Maybe the step by step instructions for making a classic sourdough? starter from scratch I have the flour and water. But I'm unsure about the feeding schedule and,can you give me the step by step instructions for making a classic sourdough starter from scratch i have the flour and water but i am unsure about the feeding schedule and,can you give me maybe the step by step instructions for making a classic sourdough maybe the step by step instructions for making a classic sourdough starter from scratch i have the flour and water but i am unsure about the feeding schedule and,0.375,0,0,12,32,0.2821369171142578
fa27c85b-1af0-ee7b-53eb-bd4400090f4d,39,13.56125,Please translate the phrase where is the nearest train station and how much does a ticket cost into formal grammatically correct Italian for my upcoming trip to Rome next month,"At least Yes. Later The phrase Where is the mirror? train station and how much This is a ticket cost into Former Grommet Correctly, correct Italian Again For my Upcoming keep to Rome next month.",please translate the phrase where is the nearest train station and how much does a ticket cost into formal grammatically correct italian for my upcoming trip to rome next month,at least yes later the phrase where is the mirror train station and how much this is a ticket cost into former grommet correctly correct italian again for my upcoming keep to rome next month,0.3548387096774194,8,0,3,31,0.3878190517425537
b2bcbc48-b1ae-339e-2285-0ffdf5189ef1,20,15.2993125,I need to book a round trip flight for two adults from Chicago to Lisbon departing on the first Friday of October and returning ten days later preferably on a nonstop flight,I need to book a round trip Yep It's a lot Right. The two two adults Built from Chicago to Lisbon The Harding on the First Friday of October. and returning ten days later. preferably On a nonstop flight.,i need to book a round trip flight for two adults from chicago to lisbon departing on the first friday of october and returning ten days later preferably on a nonstop flight,i need to book a round trip yep it is a lot right the two two adults built from chicago to lisbon the harding on the first friday of october and returning ten days later preferably on a nonstop flight,0.34375,3,0,8,32,0.2722961902618408
9b06f5a5-7f21-f4c0-7f0b-1d48e902ffc0,83,12.7619375,I need a complete and official checklist of all the specific identification documents I will need to bring with me to the Department of Motor Vehicles to successfully obtain a Real ID driver's license.,I need a complete An official checklist of Oh! All the Specific Identification documents I will need to bring with me to the Identification documents I will need to bring with me to the Department of Motor Vehicles two successfully obtain a real ID driver's license.,i need a complete and official checklist of all the specific identification documents i will need to bring with me to the department of motor vehicles to successfully obtain a real id drivers license,i need a complete an official checklist of oh all the specific identification documents i will need to bring with me to the identification documents i will need to bring with me to the department of motor vehicles two successfully obtain a real id drivers license,0.3333333333333333,2,0,9,33,0.30811119079589844
f5ced402-3d40-8a78-7fa7-6fa51724046d,56,11.6231875,We are trying to build a small vegetable garden and we're looking for good companion plants for tomatoes specifically something that would help deter common pests like aphids and hornworms,"We You're Trying to build a small vegetable garden and we're looking for For good companion plants for tomatoes, specifically something For good companion plants for tomatoes, specifically something I think that would help deter common pests It's like Haffids and hornworms.",we are trying to build a small vegetable garden and we are looking for good companion plants for tomatoes specifically something that would help deter common pests like aphids and hornworms,we you are trying to build a small vegetable garden and we are looking for for good companion plants for tomatoes specifically something for good companion plants for tomatoes specifically something i think that would help deter common pests it is like haffids and hornworms,0.3225806451612903,1,0,9,31,0.24639010429382324
c1d2b848-0f79-52cb-d917-367ae9fed45c,49,14.5363125,I want to cancel my subscription to the premium streaming service but I can't find the option anywhere on the website. Please provide a direct link or step-by-step navigation instructions.,I want I want to cancel my subscription. There is no sound. to the Premium Streaming service There is no sound. But I can't find the option anywhere on the website. Please Provide a direct link Or step by step navigation instructions.,i want to cancel my subscription to the premium streaming service but i can not find the option anywhere on the website please provide a direct link or step by step navigation instructions,i want i want to cancel my subscription there is no sound to the premium streaming service there is no sound but i can not find the option anywhere on the website please provide a direct link or step by step navigation instructions,0.30303030303030304,0,0,10,33,0.22828912734985352
e6cf18ae-d491-e98a-1f3e-7c6032b3d83e,53,12.23,What's the best technique for removing a stubborn red wine stain from a light colored wool carpet if the spill happened several hours ago and has already started to set in?,"What's The list Technique Removing a stubborn red wine stain From a light color wool carpet Pete, if This spill happened several hours ago and has a- This spill happened several hours ago and has a- Already started to set in",whats the best technique for removing a stubborn red wine stain from a light colored wool carpet if the spill happened several hours ago and has already started to set in,whats the best technique removing a stubborn red wine stain from a light color wool carpet pete if this spill happened several hours ago and has this spill happened several hours ago and has already started to set in,0.2903225806451613,0,0,9,31,0.3787660598754883
0a2570b5-668a-ea08-0546-1db4e518482f,1,3.193875,How much juice is in one lime,How A Juices in one lime.,how much juice is in one lime,how a juices in one lime,0.2857142857142857,1,1,0,7,0.21234416961669922
b7cfd836-2867-09f5-77e1-264b76b4452b,13,12.3014375,I need to find a reputable and insured local moving company that is available on the last weekend of this month for a two-bedroom apartment move across town with packing services included.,You need to Find a reputable and insured local moving company. That is available on the last weekend of this month. I'm sure you're gonna get it. For a two bedroom apartment move across town. With packing services included.,i need to find a reputable and insured local moving company that is available on the last weekend of this month for a two bedroom apartment move across town with packing services included,you need to find a reputable and insured local moving company that is available on the last weekend of this month i am sure you are going to get it for a two bedroom apartment move across town with packing services included,0.2857142857142857,1,0,9,35,0.30441713333129883
aac8759a-3cdf-8839-335d-5a185768e6c4,46,12.3993125,Please find the most up-to-date public transportation schedule for downtown bus route including any recent changes or detours that might affect my commute to work tomorrow morning.,Please find the most Up to that. Public transport Efficient Scheduled for downtown That's right including any recent changes Or the tools that might affect my commute two Work tomorrow morning,please find the most up to date public transportation schedule for downtown bus route including any recent changes or detours that might affect my commute to work tomorrow morning,please find the most up to that public transport efficient scheduled for downtown that is right including any recent changes or the tools that might affect my commute two work tomorrow morning,0.27586206896551724,5,0,3,29,0.3126688003540039
4919946c-1e72-1af5-a14e-8b378cfe7890,75,16.0,Please provide a list of effective natural and non-toxic methods for pest control in an organic vegetable garden specifically for dealing with aphids slugs and cabbage worms,Please Provide a list of effective natural and non-toxic methods. For pace control You know Organic vegetable garden. specifically for dealing with AMP feeds It's Looks Uncurbed homes.,please provide a list of effective natural and non toxic methods for pest control in an organic vegetable garden specifically for dealing with aphids slugs and cabbage worms,please provide a list of effective natural and non toxic methods for pace control organic vegetable garden specifically for dealing with amp feeds it is looks uncurbed homes,0.27586206896551724,6,0,2,29,0.34635090827941895
d2c8f37f-bd28-ab2b-9410-2bb395a83beb,37,13.6381875,I'm interested in adopting a dog from a local shelter and need information on the entire adoption process including typical fees home visit requirements and what to expect during the week,I'm interested in adopting a dog from I'm interested in adopting a dog from a local shelter and need information On the entire ad- adoption process including Fees Home visit requirements and What to expect? During the week Cue,i am interested in adopting a dog from a local shelter and need information on the entire adoption process including typical fees home visit requirements and what to expect during the week,i am interested in adopting a dog from i am interested in adopting a dog from a local shelter and need information on the entire adoption process including fees home visit requirements and what to expect during the week cue,0.2727272727272727,0,0,9,33,0.2759549617767334
fe677dbc-8e62-b679-7ef8-831298e24c18,85,8.2320625,I'm worried my identity might have been stolen I need immediate assistance with this,I'm Or my The entity might have been stolen Olen. I need immediate assistance with this problem. problem,i am worried my identity might have been stolen i need immediate assistance with this,i am or my the entity might have been stolen olen i need immediate assistance with this problem problem,0.26666666666666666,2,0,2,15,0.29666805267333984
7ee2a3d0-efec-f5b8-95b7-0ae338ae836e,35,13.86325,I just adopted a rescue dog and the shelter said she's a mixed breed. So I was curious if you could tell me about common traits of a beagle and boxer mix,I just adopted a rescue dog. And the shelter said she's A mixed breed. So serious Tell me about more traits of a big and boxer mix,i just adopted a rescue dog and the shelter said she is a mixed breed so i was curious if you could tell me about common traits of a beagle and boxer mix,i just adopted a rescue dog and the shelter said she is a mixed breed so serious tell me about more traits of a big and boxer mix,0.25806451612903225,3,5,0,31,0.6999092102050781
986b5956-3f3c-433f-6504-aa534cff161e,51,11.7701875,Please explain the primary differences between a traditional IRA and Roth IRA in terms of the tax advantage and withdrawal rules for retirement saving,"Please explain the primary differences between a traditional uh- explain the primary differences between a traditional uh- R E N Rod, uh, R. E. in terms of the tax Advantage and with Rolls. For retirement saving",please explain the primary differences between a traditional ira and roth ira in terms of the tax advantage and withdrawal rules for retirement saving,please explain the primary differences between a traditional ren rod r e in terms of the tax advantage and with rolls for retirement saving,0.25,6,0,0,24,0.2239828109741211
0baa9ab9-ce29-b095-2b86-c1f58b690f3f,69,9.5868125,My car check engine light came on this morning could you list some of the most common reasons why this light might be activated in a modern vehicle today,Like Car should Take engine light came on this morning Udell is Some of the most The common reason why this light might be active evaded in a modern vehicle today,my car check engine light came on this morning could you list some of the most common reasons why this light might be activated in a modern vehicle today,like car should take engine light came on this morning udell is some of the most the common reason why this light might be active evaded in a modern vehicle today,0.2413793103448276,4,1,2,29,0.6176071166992188
95c52928-0ca8-f732-e0f6-76ca2a96af35,84,5.91,I'd like to know more about your international,At I'd like to know more about your international Shipping,i would like to know more about your international,at i would like to know more about your international shipping,0.2222222222222222,0,0,2,9,0.7140390872955322
0d29fa0a-ab6d-a422-9ea4-f7e956b66a60,96,12.5595625,I'm trying to use a coupon I found online for 20% off my order. But when I enter it into my promo code box at checkout it says,I'm Trying to use a coupon I have That Found online for twenty percent off my order But when I enter it into my promo code Bo. Hox at check It says,i am trying to use a coupon i found online for twenty off my order but when i enter it into my promo code box at checkout it says,i am trying to use a coupon i have that found online for twenty percent off my order but when i enter it into my promo code bo hox at check it says,0.20689655172413793,3,0,3,29,0.2334291934967041
08b33890-e5b9-bcd4-00e1-0b3d7a120e5b,79,12.68825,"I am calling because I have a question for about a specific feature in your software. Because I was trying to export a report to a PDF file, but the format keeps getting all messed",Uh. I am Calling 'Cause I have a question Um. Or about a specific feature in your software? Because I was trying Trying to explain Court a report port to a PDF file? But the reform act keeps getting all messed up Up.,i am calling because i have a question for about a specific feature in your software because i was trying to export a report to a pdf file but the format keeps getting all messed,i am calling because i have a question or about a specific feature in your software because i was trying trying to explain court a report port to a pdf file but the reform act keeps getting all messed up up,0.2,2,0,5,35,0.2129957675933838
739f778d-e8e2-be4f-3fe6-015adcac4682,3,16.0,"Explain the difference between a high pressure and a low pressure weather system and describe how each one typically affects the local weather conditions such as temperature, wind, and the chance of precipitation.","Yes The. The difference between the high pressure and the low pressure weather systems The difference between the high pressure and the low pressure weather systems and describe how each one typically affects them Oh, go ahead Cold weather conditions. Such as temperature. went and the chance of precipitation",explain the difference between a high pressure and a low pressure weather system and describe how each one typically affects the local weather conditions such as temperature wind and the chance of precipitation,yes the the difference between the high pressure and the low pressure weather systems the difference between the high pressure and the low pressure weather systems and describe how each one typically affects them oh go ahead cold weather conditions such as temperature went and the chance of precipitation,0.18181818181818182,4,0,2,33,0.4269750118255615
b5a2b5af-7691-56b7-24ee-30eff4527439,21,3.839125,Tell me about Shakespeare's Globe theater,Tell me about Shakespeare Fears Globe Theater.,tell me about shakespeare globe theater,tell me about shakespeare fears globe theater,0.16666666666666666,0,0,1,6,0.341015100479126
2393dc9d-a670-9868-1e24-96bbde760eba,58,2.8749375,When will my groceries be delivered?,When will my groceries be? be delivered.,when will my groceries be delivered,when will my groceries be be delivered,0.16666666666666666,0,0,1,6,0.31676411628723145
934c2ffb-d39d-2163-5fd3-4348360314ef,64,5.78625,Can someone explain how to properly set up two-factor authentication please?,Can someone explain? Explain how to properly set up two-factor Correct. Indication Please,can someone explain how to properly set up two factor authentication please,can someone explain explain how to properly set up two factor correct indication please,0.16666666666666666,1,0,1,12,0.1554429531097412
ba91eab8-3074-c881-a627-2cf56038d65e,95,14.75275,I signed up for the advanced pottery class that was supposed to start this evening but the community center is completely dark and the door are locked so I was wondering if,"I Sign up. For the advanced Pottery class, that was Post It's Um. Yes Evening. But the community center is completely different And the door are locked So So I was wondering if",i signed up for the advanced pottery class that was supposed to start this evening but the community center is completely dark and the door are locked so i was wondering if,i sign up for the advanced pottery class that was post its yes evening but the community center is completely different and the door are locked so so i was wondering if,0.14285714285714285,4,0,1,35,0.35106611251831055
6744343e-ef8c-3154-50a2-5ad464c723bc,0,3.438,This is Samantha Lee with a night to,This Is Samantha Lee? With a night to room.,this is samantha lee with a night to,this is samantha lee with a night to room,0.125,0,0,1,8,0.4523749351501465
989bf9c5-b087-994b-3b65-ff2dd43a5b00,15,9.254,I have an upcoming trip to Europe next month and I need to inform my bank so that they don't flag my credit card for unusual activity while I'm traveling,"We have an upcoming trip to Europe next month And I need to inform my bank. So they don't, don't flag my credit card for unusual activity. Well, I'm dropping aboard.",i have an upcoming trip to europe next month and i need to inform my bank so that they do not flag my credit card for unusual activity while i am traveling,we have an upcoming trip to europe next month and i need to inform my bank so they do not do not flag my credit card for unusual activity well i am dropping aboard,0.125,3,0,1,32,0.28601598739624023
ccd031a0-b2a7-8693-c226-00105fbb37d2,93,11.587375,"I'm trying to sync my contacts from my old phone to my new one, but only about half of them are transferring over, and the rest seem to be stuck somewhere, because",I'm trying to Sink my can Contacts From my old phone to my new one. But Only about half of them are transferring over And the rest seem to be stuck somewhere somewhere Because,i am trying to sync my contacts from my old phone to my new one but only about half of them are transferring over and the rest seem to be stuck somewhere because,i am trying to sink my can contacts from my old phone to my new one but only about half of them are transferring over and the rest seem to be stuck somewhere somewhere because,0.0967741935483871,1,0,2,31,0.2610642910003662
669963c2-85d0-d997-6988-b1d0ea46b047,60,11.9289375,Find a vegan lasagna recipe that uses cashew cream instead of cheese and includes a variety of roasted vegetables but which does not require a food processor for any of the steps,Find a vegan lasagna recipe. That uses Cashew Cream instead of cheese She's And including Includes a variety of roasted vegetables But which does not require a food product processor For any of the steps,find a vegan lasagna recipe that uses cashew cream instead of cheese and includes a variety of roasted vegetables but which does not require a food processor for any of the steps,find a vegan lasagna recipe that uses cashew cream instead of cheese shes and including includes a variety of roasted vegetables but which does not require a food product processor for any of the steps,0.09375,0,0,3,32,0.23457717895507812
80644538-fa3c-4f76-3f90-eff8ce0695d2,59,7.6250625,Tell me about the migratory patterns of the North America Monarch butterfly,Tell me about the migratory patterns of The North American monarch But Butterfly,tell me about the migratory patterns of the north america monarch butterfly,tell me about the migratory patterns of the north american monarch but butterfly,0.08333333333333333,0,0,1,12,0.3585972785949707
0ff9664b-2d12-7d3d-eb35-10a4b57061ee,91,4.812,to uh I didn't climb the stairs that Rocky did I wish I had done that I just didn't have time but,"to uh I didn't climb the stairs, that rock. He did. I wish I had done that. I just didn't have time.",to uh i did not climb the stairs that rocky did i wish i had done that i just did not have time but,to uh i did not climb the stairs that rock he did i wish i had done that i just did not have time,0.08,1,0,1,25,0.2509582042694092
d74099f5-f4ea-bbdc-e351-fcf28c6f36b2,43,9.696875,I want to add my daughter to my streaming service account as a new user but I can't figure out how to create a separate profile,I want It's Add my daughter to my Streaming service Yeah. As a new user But I can't figure out how to create a separate profile.,i want to add my daughter to my streaming service account as a new user but i can not figure out how to create a separate profile,i want it is add my daughter to my streaming service as a new user but i can not figure out how to create a separate profile,0.07407407407407407,1,0,1,27,0.3182377815246582
3b32a135-8f1d-e811-c441-de5e5026617b,57,16.0,"My streaming service subscription is set to auto-renew tomorrow, but I want to cancel it before the charge goes through and I can't seem to find the cancellation option anywhere.",Uh. my street Streaming service subscription is set to auto renew tomorrow. Oh. Oh. But I want to cancel it. before the charge goes through I I did not seem to find the cancellation option anywhere,my streaming service subscription is set to auto renew tomorrow but i want to cancel it before the charge goes through and i can not seem to find the cancellation option anywhere,my street streaming service subscription is set to auto renew tomorrow but i want to cancel it before the charge goes through i i did not seem to find the cancellation option anywhere,0.06896551724137931,0,0,2,29,0.32969021797180176
ee1a7549-fe4b-b5bf-77dc-9da75130e33c,87,9.042125,I'm trying to set up a new wireless printer and I followed all the instructions in the manual but my computer is still unable to detect it on the network so,I'm trying to set up a new wireless printer And I followed all the instructions in the manual. Or my computer is still unable to detect it on the network so Uh,i am trying to set up a new wireless printer and i followed all the instructions in the manual but my computer is still unable to detect it on the network so,i am trying to set up a new wireless printer and i followed all the instructions in the manual or my computer is still unable to detect it on the network so,0.03225806451612903,1,0,0,31,0.21909594535827637
b5659356-af58-8088-4790-edeb85fd3295,33,15.166875,Can you look up the current holder of the world record for the longest time spent continuously playing a video game and also the previous record was because I'm settling a,"Can you look up the current holder of the? World record for the longest times pants continuously Playing a video game and Also, the previous record was Because I'm settling Uh.",can you look up the current holder of the world record for the longest time spent continuously playing a video game and also the previous record was because i am settling a,can you look up the current holder of the world record for the longest times pants continuously playing a video game and also the previous record was because i am settling,0.030303030303030304,1,0,0,33,0.43604397773742676
5a3c6e2a-efdb-7d02-ae93-9e3ba0f7c1f6,89,13.398125,"I have two different job offers and I'm trying to decide which one to accept, so I was wondering if you could help me compare the benefits packages, specifically the health insurance deductibles and the retirement contribution matching, because","I have two different job For And I'm trying to decide which one to accept. So I was wondering if you could help me compare the benefits packages. It's Specifically, the health insurance deductible and the retirement contribution matching Because",i have two different job offers and i am trying to decide which one to accept so i was wondering if you could help me compare the benefits packages specifically the health insurance deductibles and the retirement contribution matching because,i have two different job for and i am trying to decide which one to accept so i was wondering if you could help me compare the benefits packages it is specifically the health insurance deductible and the retirement contribution matching because,0.02857142857142857,1,0,0,35,0.3034229278564453
ab216e4a-b927-b6c1-393c-2abf4f2bd5b5,5,2.281625,Send it.,Send it.,send it,send it,0.0,0,0,0,2,0.25394511222839355
b35e06ae-28f5-8498-8d1e-244dc02d1671,17,4.057,you might think why would you want to put acid on your face but it's actually not,"You might think, ""Why would you wanna put acid on your face? "" But it's actually not",you might think why would you want to put acid on your face but it is actually not,you might think why would you want to put acid on your face but it is actually not,0.0,0,0,0,18,0.3551042079925537
8facde28-4202-7470-0814-fa34f0ca84a5,23,4.366,take my kids to their games and watch my kids play sports so,Take my kids to their games and watch my kids play sports. So,take my kids to their games and watch my kids play sports so,take my kids to their games and watch my kids play sports so,0.0,0,0,0,13,0.3809700012207031
ca46319c-e790-a8f6-4793-7ab542a6d95d,30,4.544,What's the meaning of this idiom barking up the wrong,What's the meaning of this idiom? Barking up the wrong,what is the meaning of this idiom barking up the wrong,what is the meaning of this idiom barking up the wrong,0.0,0,0,0,11,0.30992579460144043
75eb8a99-8eef-d824-2020-c77a9296c82a,40,3.986,too cold to swim although we try and convince her to swim every single,It Too cold to swim. Although we try and convince her to swim every single,too cold to swim although we try and convince her to swim every single,it too cold to swim although we try and convince her to swim every single,0.0,0,0,0,13,0.2886331081390381
11106a5e-866c-8715-4dc7-a66377614523,44,1.728,Please,Please.,please,please,0.0,0,0,0,1,0.18411016464233398
7da21afd-7e50-50d8-1b15-2a77863725b5,45,3.573,I mean from the this pace that he's going like this first year,"I mean, from this pace that he's going, like this first year?",i mean from the this pace that he is going like this first year,i mean from this pace that he is going like this first year,0.0,0,0,0,14,0.2896721363067627
778871eb-de6e-3f41-8f5b-c3827d11733b,47,3.439,of the uh computer working system and,of the Uh. a computer working system and,of the computer working system and,of the a computer working system and,0.0,0,0,0,6,0.2755241394042969
02ac751f-65cf-aa0e-1797-3f240fab9759,65,4.263,really good base layer of skin care so that anything you put on,A really good base layer of skincare so that anything you put on on,really good base layer of skin care so that anything you put on,a really good base layer of skin care so that anything you put on on,0.0,0,0,0,13,0.5061891078948975
9565dd38-8116-54a7-e667-144c1a09d504,76,4.142,Yeah let me look let me look that up just a moment,"Uh, yeah, let me look, let me Look that up. Just a moment. Please",yeah let me look let me look that up just a moment,yeah let me look let me look that up just a moment please,0.0,0,0,0,12,0.3070552349090576
9f9802d6-6ddd-9fa3-c20f-acb9aa73a4d3,80,3.321,I need to appear in court on Monday,I need to appear in court on Monday.,i need to appear in court on monday,i need to appear in court on monday,0.0,0,0,0,8,0.25887107849121094
c84503ca-110a-51d6-0b24-f17deb7a2882,81,1.0,Mhm.,Mhm.,mhm,mhm,0.0,0,0,0,1,0.3766040802001953
71bf9886-c1e8-e2ce-0e14-5fb6a41946e6,86,3.872625,"Wait, hold on because","Wait. Hold on, because",wait hold on because,wait hold on because,0.0,0,0,0,4,0.25339221954345703
f2df60f7-c3ae-3603-910b-1092bd05aed5,97,7.14,Can you help me brainstorm ideas for my presentation on,Can you help me brainstorm? ideas for my Presentation Oh. Um. Uh.,can you help me brainstorm ideas for my presentation on,can you help me brainstorm ideas for my presentation oh,0.0,0,0,0,10,1.0551249980926514
